"","model","(Intercept)","elev","FR_MATDE","HIDRO_ITH","TP_ES_OE","TP_EXPO","TP_RSD_P","TP_RSH_V","DS_ARBOL","df","logLik","BIC","delta","weight"
"friq1",riq ~ 1 + elev + FR_MATDE + TP_RSH_V + HIDRO_ITH + TP_RSD_P + TP_ES_OE + TP_EXPO,-56.3487504151045,-0.00508942305074676,1.07769573883377,-3.99074581462896,-0.206938919533325,-0.0768660333725806,0.00287822730714767,8.49935977871977,NA,9,-490.705858459314,1026.86042098387,0,0.920052233003355
"friq2",riq ~ 1 + elev + FR_MATDE + TP_RSH_V + HIDRO_ITH + TP_ES_OE + TP_EXPO,-55.8160205970307,-0.00503264147434229,1.07536002354205,-3.97030514194248,-0.206319796112164,-0.0765379462553206,0.00286700679935698,8.44469130504338,-3.98354285229707e-05,10,-490.7022530541,1031.90306618069,5.0426451968217,0.0739291975278609
"friq3",riq ~ 1 + elev + FR_MATDE + TP_RSH_V + HIDRO_ITH + TP_ES_OE + TP_EXPO,-40.6008149501484,-0.00415744334877785,1.04205913593152,-3.13282761316254,-0.186946687727064,-0.0467215125265679,NA,7.65710480888531,NA,8,-498.899551112152,1038.1979502823,11.3375292984265,0.00317613736762879
"friq4",riq ~ 1 + FR_MATDE + TP_RSH_V + HIDRO_ITH + TP_RSD_P + TP_ES_OE + TP_EXPO,-89.3710957115525,NA,1.11480099652071,-2.98281892852091,-0.243638500609101,-0.0972183672558046,0.0023059214398849,10.1319857436729,NA,8,-499.564362190243,1039.52757243848,12.6671514546083,0.00163371198336515
"friq5",riq ~ 1 + FR_MATDE + TP_RSH_V + HIDRO_ITH + TP_RSD_P + TP_ES_OE + TP_EXPO + DS_ARBOL,-68.9298677855292,NA,1.0524286158422,-2.77423460716542,-0.22030695793844,-0.0846255848651496,0.00219623765713469,8.47874281587825,-0.000903603697296944,9,-497.340726856849,1040.13015777894,13.2697367950702,0.00120872011779041
