"","model","(Intercept)","elev","FR_MATDE","HIDRO_ITH","TP_ES_OE","TP_EXPO","TP_RSD_P","TP_RSH_V","DS_ARBOL","df","logLik","BIC","delta","weight"
"friq1",riq ~ 1 + elev + FR_MATDE + TP_RSH_V + HIDRO_ITH + TP_RSD_P + TP_ES_OE + TP_EXPO,-56.3487504151045,-0.00508942305074676,1.07769573883377,-3.99074581462896,-0.206938919533325,-0.0768660333725806,0.00287822730714767,8.49935977871977,NA,9,-490.705858459314,1026.86042098387,0,0.995843654446831
"friq2",riq ~ 1 + elev + FR_MATDE + TP_RSH_V + HIDRO_ITH + TP_ES_OE + TP_EXPO + DS_ARBOL,-40.6008149501484,-0.00415744334877785,1.04205913593152,-3.13282761316254,-0.186946687727064,-0.0467215125265679,NA,7.65710480888531,NA,8,-498.899551112152,1038.1979502823,11.3375292984265,0.00343777899748118
"friq3",riq ~ 1 + elev + FR_MATDE + TP_RSH_V + HIDRO_ITH + TP_ES_OE + TP_EXPO + DS_ARBOL,-35.8975871919359,-0.00362710465150187,1.02013855705104,-2.96223425745817,-0.181546488322064,-0.0446203333160768,NA,7.14436132413335,-0.000397496328138827,9,-498.563876033772,1042.57645613279,15.7160351489169,0.000385032588569144
"friq4",riq ~ 1 + elev + FR_MATDE + TP_RSH_V + HIDRO_ITH + TP_ES_OE,-12.2009621711529,-0.00608267722528531,1.06952899826473,-2.86328125158508,-0.210378165686127,NA,NA,5.53320981512213,NA,7,-504.368847831029,1044.0866877128,17.2262667289313,0.000180948450409242
"friq5",riq ~ 1 + FR_MATDE + TP_RSH_V + HIDRO_ITH + TP_ES_OE + TP_EXPO,-71.249972567864,NA,1.07952211883695,-2.42297623917328,-0.221428654083951,-0.0690564771871751,NA,9.18313395939663,NA,7,-504.539334813178,1044.4276616771,17.5672406932301,0.000152585516709125
