"","model","(Intercept)","DS_ARBOL","FR_MATDE","HIDRO_ITH","TP_RSD_P","TP_ES_OE","TP_EXPO","elev","df","logLik","BIC","delta","weight"
"fden1",den ~ 1 + FR_MATDE + HIDRO_ITH + DS_ARBOL,0.615886804570393,-0.000313864263817621,0.0242920162911885,0.0801833159162975,NA,NA,NA,NA,5,-250.961696503637,527.172673043522,0,0.650217549598812
"fden2",den ~ 1 + FR_MATDE + HIDRO_ITH + TP_RSD_P + DS_ARBOL,0.89320366083899,-0.000304363033030474,0.0234032819574689,0.0840555822125423,-6.10478776427407e-05,NA,NA,NA,6,-249.901054761735,530.101245566968,2.92857252344641,0.150358243529431
"fden3",den ~ 1 + FR_MATDE + HIDRO_ITH + TP_ES_OE + DS_ARBOL,0.711650553031779,-0.000302649623674661,0.0254925446432455,0.0787617495647896,NA,-0.0022079584138519,NA,NA,6,-250.434433500566,531.168003044629,3.99533000110773,0.0882030901426115
"fden4",den ~ 1 + FR_MATDE + HIDRO_ITH + TP_EXPO + DS_ARBOL,0.662406837440968,-0.000310704354306649,0.0238686612694771,0.0756099797530755,NA,NA,-0.000405153292780313,NA,6,-250.836347794645,531.971831632786,4.79915858926483,0.059011226410605
"fden5",den ~ 1 + elev + FR_MATDE + HIDRO_ITH + DS_ARBOL,0.592677319881305,-0.000315397203283924,0.0242892729026587,0.0818171115542608,NA,NA,NA,6.89267771858813e-06,6,-250.95880355195,532.216743147398,5.04407010387615,0.0522098903185406
