"","model","(Intercept)","DS_ARBOL","FR_MATDE","HIDRO_ITH","TP_ES_OE","TP_RSH_V","elev","TP_RSD_P","df","logLik","BIC","delta","weight"
"fdiv1",div ~ 1 + FR_MATDE + TP_RSH_V + HIDRO_ITH + TP_ES_OE + DS_ARBOL,1.95380551893365,-0.000203721886698291,0.0281738875607627,-0.151627970808491,-0.00963461578412084,0.145235209468445,NA,NA,7,-65.4373387343671,166.178653287169,0,0.426258147149269
"fdiv2",div ~ 1 + FR_MATDE + HIDRO_ITH + TP_ES_OE + DS_ARBOL,3.74190234130897,-0.000233010617416032,0.024249112805481,-0.141732774307897,-0.00806886035740794,NA,NA,NA,6,-68.1230912150101,166.506733131536,0.328079844366869,0.361768758767339
"fdiv3",div ~ 1 + elev + FR_MATDE + TP_RSH_V + HIDRO_ITH + TP_ES_OE + DS_ARBOL,2.16964346303017,-0.000177698969393852,0.0283567694988986,-0.183493547531917,-0.00885679634974592,0.159118248286636,-0.000122813912013902,NA,8,-64.297787698822,168.942976332998,2.76432304582914,0.107005862111198
"fdiv4",div ~ 1 + elev + FR_MATDE + HIDRO_ITH + TP_ES_OE + DS_ARBOL,4.0329252270974,-0.000215536094635322,0.0241044243061817,-0.16499859277522,-0.00737096164009515,NA,-9.24124971072192e-05,NA,7,-67.4881682590139,170.280312336463,4.10165904929363,0.0548288007658152
"fdiv5",div ~ 1 + FR_MATDE + TP_RSH_V + HIDRO_ITH + TP_RSD_P + TP_ES_OE + DS_ARBOL,1.98780478012023,-0.00019973730201242,0.0275130780765036,-0.150297970456925,-0.00904026668428358,0.152353856733606,NA,-3.2225915954665e-05,8,-65.0558835138938,170.459167963142,4.28051467597271,0.050138431206379
